19 Wattletree St Craigieburn,4.914947842579422
8 Kernan Ct Craigieburn,10.726770479380058
2 Edington Way Craigieburn,10.752290954157084
96 Champion Parade Craigieburn,14.437959598184245
8 Dorking Ct Craigieburn,12.775249811355268
